# Host: localhost  (Version 8.0.30)
# Date: 2024-05-23 01:28:13
# Generator: MySQL-Front 6.0  (Build 2.20)


#
# Structure for table "case"
#

DROP TABLE IF EXISTS `case`;
CREATE TABLE `case` (
  `id_case` int NOT NULL AUTO_INCREMENT,
  `abm` varchar(1) NOT NULL DEFAULT '',
  PRIMARY KEY (`id_case`)
) ENGINE=InnoDB AUTO_INCREMENT=102 DEFAULT CHARSET=latin1;

#
# Data for table "case"
#

INSERT INTO `case` VALUES (53,'1'),(54,'1'),(55,'1'),(56,'1'),(57,'0'),(58,'1'),(59,'0'),(60,'1'),(61,'1'),(62,'1'),(63,'1'),(64,'0'),(65,'0'),(66,'1'),(67,'1'),(68,'1'),(69,'1'),(70,'1'),(71,'1'),(72,'1'),(73,'1'),(74,'0'),(75,'0'),(76,'1'),(77,'1'),(78,'1'),(79,'1'),(80,'1'),(81,'1'),(82,'1'),(83,'0'),(84,'0'),(85,'1'),(86,'1'),(87,'1'),(88,'1'),(89,'1'),(90,'1'),(91,'0'),(92,'1'),(93,'1'),(94,'1'),(95,'1'),(96,'1'),(97,'0'),(98,'0'),(99,'0'),(100,'1'),(101,'0');

#
# Structure for table "casedetail"
#

DROP TABLE IF EXISTS `casedetail`;
CREATE TABLE `casedetail` (
  `id_casedetail` int NOT NULL AUTO_INCREMENT,
  `id_case` int NOT NULL DEFAULT '0',
  `name_of_attribute` varchar(30) NOT NULL DEFAULT '',
  `value` double NOT NULL DEFAULT '0',
  PRIMARY KEY (`id_casedetail`)
) ENGINE=InnoDB AUTO_INCREMENT=1016 DEFAULT CHARSET=latin1;

#
# Data for table "casedetail"
#

INSERT INTO `casedetail` VALUES (526,53,'Sex',2),(527,53,'Wbc',7.29999),(528,53,'Pmn',39),(529,53,'bloodgl',120),(530,53,'GL',38),(531,53,'PR',128),(532,53,'REDS',78),(533,53,'White',1631),(534,53,'Gram',0),(535,53,'Culture',6),(536,54,'Sex',2),(537,54,'Wbc',20),(538,54,'Pmn',63),(539,54,'bloodgl',173),(540,54,'GL',21),(541,54,'PR',516),(542,54,'REDS',204),(543,54,'White',9390),(544,54,'Gram',1),(545,54,'Culture',2),(546,55,'Sex',2),(547,55,'Wbc',11.59999),(548,55,'Pmn',36),(549,55,'bloodgl',135),(550,55,'GL',50),(551,55,'PR',124),(552,55,'REDS',257),(553,55,'White',713),(554,55,'Gram',4),(555,55,'Culture',1),(556,56,'Sex',1),(557,56,'Wbc',17.69999),(558,56,'Pmn',77),(559,56,'bloodgl',96),(560,56,'GL',31),(561,56,'PR',112),(562,56,'REDS',260),(563,56,'White',920),(564,56,'Gram',4),(565,56,'Culture',1),(566,57,'Sex',1),(567,57,'Wbc',18.29998),(568,57,'Pmn',83),(569,57,'bloodgl',110),(570,57,'GL',65),(571,57,'PR',125),(572,57,'REDS',36),(573,57,'White',2000),(574,57,'Gram',0),(575,57,'Culture',0),(576,58,'Sex',2),(577,58,'Wbc',6.5),(578,58,'Pmn',21),(579,58,'bloodgl',165),(580,58,'GL',70),(581,58,'PR',115),(582,58,'REDS',3000),(583,58,'White',12000),(584,58,'Gram',0),(585,58,'Culture',1),(586,59,'Sex',1),(587,59,'Wbc',18.29998),(588,59,'Pmn',83),(589,59,'bloodgl',110),(590,59,'GL',65),(591,59,'PR',125),(592,59,'REDS',36),(593,59,'White',2000),(594,59,'Gram',0),(595,59,'Culture',0),(596,60,'Sex',2),(597,60,'Wbc',6.5),(598,60,'Pmn',21),(599,60,'bloodgl',165),(600,60,'GL',70),(601,60,'PR',115),(602,60,'REDS',3000),(603,60,'White',12000),(604,60,'Gram',0),(605,60,'Culture',1),(606,61,'Sex',1),(607,61,'Wbc',53.5),(608,61,'Pmn',94),(609,61,'bloodgl',140),(610,61,'GL',15),(611,61,'PR',650),(612,61,'REDS',3200),(613,61,'White',28000),(614,61,'Gram',1),(615,61,'Culture',2),(616,62,'Sex',1),(617,62,'Wbc',14.79999),(618,62,'Pmn',57),(619,62,'bloodgl',190),(620,62,'GL',60),(621,62,'PR',102),(622,62,'REDS',22),(623,62,'White',55),(624,62,'Gram',4),(625,62,'Culture',4),(626,63,'Sex',1),(627,63,'Wbc',15.59999),(628,63,'Pmn',6),(629,63,'bloodgl',135),(630,63,'GL',15),(631,63,'PR',280),(632,63,'REDS',1500),(633,63,'White',3500),(634,63,'Gram',4),(635,63,'Culture',1),(636,64,'Sex',1),(637,64,'Wbc',11.29999),(638,64,'Pmn',0),(639,64,'bloodgl',115),(640,64,'GL',130),(641,64,'PR',18),(642,64,'REDS',9),(643,64,'White',76),(644,64,'Gram',0),(645,64,'Culture',0),(646,65,'Sex',2),(647,65,'Wbc',10.29999),(648,65,'Pmn',70),(649,65,'bloodgl',130),(650,65,'GL',60),(651,65,'PR',220),(652,65,'REDS',47900),(653,65,'White',1060),(654,65,'Gram',1),(655,65,'Culture',0),(656,66,'Sex',1),(657,66,'Wbc',28.69999),(658,66,'Pmn',75),(659,66,'bloodgl',185),(660,66,'GL',35),(661,66,'PR',1740),(662,66,'REDS',10),(663,66,'White',1240),(664,66,'Gram',1),(665,66,'Culture',2),(666,67,'Sex',1),(667,67,'Wbc',7.5),(668,67,'Pmn',75),(669,67,'bloodgl',245),(670,67,'GL',15),(671,67,'PR',248),(672,67,'REDS',12),(673,67,'White',500),(674,67,'Gram',0),(675,67,'Culture',2),(676,68,'Sex',2),(677,68,'Wbc',17.59999),(678,68,'Pmn',86),(679,68,'bloodgl',143),(680,68,'GL',14),(681,68,'PR',400),(682,68,'REDS',25500),(683,68,'White',78900),(684,68,'Gram',1),(685,68,'Culture',2),(686,69,'Sex',1),(687,69,'Wbc',2.69999),(688,69,'Pmn',11),(689,69,'bloodgl',165),(690,69,'GL',26),(691,69,'PR',308),(692,69,'REDS',1550),(693,69,'White',4700),(694,69,'Gram',4),(695,69,'Culture',1),(696,70,'Sex',1),(697,70,'Wbc',27.19999),(698,70,'Pmn',43),(699,70,'bloodgl',100),(700,70,'GL',42),(701,70,'PR',72),(702,70,'REDS',15),(703,70,'White',111),(704,70,'Gram',0),(705,70,'Culture',1),(706,71,'Sex',2),(707,71,'Wbc',23.09999),(708,71,'Pmn',58),(709,71,'bloodgl',160),(710,71,'GL',3),(711,71,'PR',133),(712,71,'REDS',0),(713,71,'White',8000),(714,71,'Gram',0),(715,71,'Culture',1),(716,72,'Sex',2),(717,72,'Wbc',17.69999),(718,72,'Pmn',67),(719,72,'bloodgl',165),(720,72,'GL',40),(721,72,'PR',465),(722,72,'REDS',0),(723,72,'White',13300),(724,72,'Gram',0),(725,72,'Culture',1),(726,73,'Sex',2),(727,73,'Wbc',9.59999),(728,73,'Pmn',76),(729,73,'bloodgl',170),(730,73,'GL',90),(731,73,'PR',116),(732,73,'REDS',150),(733,73,'White',4200),(734,73,'Gram',1),(735,73,'Culture',2),(736,74,'Sex',1),(737,74,'Wbc',11.29999),(738,74,'Pmn',79),(739,74,'bloodgl',118),(740,74,'GL',2),(741,74,'PR',680),(742,74,'REDS',35000),(743,74,'White',6100),(744,74,'Gram',0),(745,74,'Culture',0),(746,75,'Sex',1),(747,75,'Wbc',15.09999),(748,75,'Pmn',81),(749,75,'bloodgl',134),(750,75,'GL',65),(751,75,'PR',65),(752,75,'REDS',95),(753,75,'White',1312),(754,75,'Gram',0),(755,75,'Culture',0),(756,76,'Sex',1),(757,76,'Wbc',12.59999),(758,76,'Pmn',58),(759,76,'bloodgl',130),(760,76,'GL',24),(761,76,'PR',240),(762,76,'REDS',0),(763,76,'White',1420),(764,76,'Gram',4),(765,76,'Culture',1),(766,77,'Sex',1),(767,77,'Wbc',11.09999),(768,77,'Pmn',71),(769,77,'bloodgl',230),(770,77,'GL',45),(771,77,'PR',300),(772,77,'REDS',200),(773,77,'White',1200),(774,77,'Gram',4),(775,77,'Culture',1),(776,78,'Sex',1),(777,78,'Wbc',1.69999),(778,78,'Pmn',46),(779,78,'bloodgl',160),(780,78,'GL',5),(781,78,'PR',140),(782,78,'REDS',0),(783,78,'White',12),(784,78,'Gram',1),(785,78,'Culture',1),(786,79,'Sex',1),(787,79,'Wbc',12.79999),(788,79,'Pmn',63),(789,79,'bloodgl',145),(790,79,'GL',20),(791,79,'PR',1152),(792,79,'REDS',260),(793,79,'White',520),(794,79,'Gram',0),(795,79,'Culture',6),(796,80,'Sex',2),(797,80,'Wbc',13.59999),(798,80,'Pmn',67),(799,80,'bloodgl',110),(800,80,'GL',76),(801,80,'PR',50),(802,80,'REDS',50),(803,80,'White',1990),(804,80,'Gram',0),(805,80,'Culture',0),(806,81,'Sex',2),(807,81,'Wbc',0.59999),(808,81,'Pmn',88),(809,81,'bloodgl',200),(810,81,'GL',66),(811,81,'PR',16),(812,81,'REDS',2),(813,81,'White',0),(814,81,'Gram',1),(815,81,'Culture',1),(816,82,'Sex',1),(817,82,'Wbc',10.59999),(818,82,'Pmn',96),(819,82,'bloodgl',100),(820,82,'GL',38),(821,82,'PR',139),(822,82,'REDS',8500),(823,82,'White',500),(824,82,'Gram',0),(825,82,'Culture',6),(826,83,'Sex',2),(827,83,'Wbc',17.79998),(828,83,'Pmn',33),(829,83,'bloodgl',220),(830,83,'GL',143),(831,83,'PR',90),(832,83,'REDS',22000),(833,83,'White',34),(834,83,'Gram',0),(835,83,'Culture',0),(836,84,'Sex',2),(837,84,'Wbc',19.09999),(838,84,'Pmn',77),(839,84,'bloodgl',210),(840,84,'GL',90),(841,84,'PR',35),(842,84,'REDS',60),(843,84,'White',260),(844,84,'Gram',0),(845,84,'Culture',0),(846,85,'Sex',1),(847,85,'Wbc',13.79999),(848,85,'Pmn',95),(849,85,'bloodgl',140),(850,85,'GL',1),(851,85,'PR',608),(852,85,'REDS',20),(853,85,'White',1430),(854,85,'Gram',1),(855,85,'Culture',2),(856,86,'Sex',1),(857,86,'Wbc',16.5),(858,86,'Pmn',77),(859,86,'bloodgl',168),(860,86,'GL',44),(861,86,'PR',194),(862,86,'REDS',33),(863,86,'White',213),(864,86,'Gram',4),(865,86,'Culture',1),(866,87,'Sex',2),(867,87,'Wbc',11.09999),(868,87,'Pmn',68),(869,87,'bloodgl',105),(870,87,'GL',9),(871,87,'PR',176),(872,87,'REDS',1650),(873,87,'White',3700),(874,87,'Gram',4),(875,87,'Culture',1),(876,88,'Sex',2),(877,88,'Wbc',9.09999),(878,88,'Pmn',57),(879,88,'bloodgl',340),(880,88,'GL',75),(881,88,'PR',119),(882,88,'REDS',110),(883,88,'White',3570),(884,88,'Gram',4),(885,88,'Culture',1),(886,89,'Sex',1),(887,89,'Wbc',14.09999),(888,89,'Pmn',67),(889,89,'bloodgl',141),(890,89,'GL',30),(891,89,'PR',128),(892,89,'REDS',3),(893,89,'White',7520),(894,89,'Gram',4),(895,89,'Culture',1),(896,90,'Sex',2),(897,90,'Wbc',14.59999),(898,90,'Pmn',69),(899,90,'bloodgl',370),(900,90,'GL',100),(901,90,'PR',455),(902,90,'REDS',164),(903,90,'White',107),(904,90,'Gram',1),(905,90,'Culture',2),(906,91,'Sex',1),(907,91,'Wbc',9.59999),(908,91,'Pmn',73),(909,91,'bloodgl',90),(910,91,'GL',50),(911,91,'PR',34),(912,91,'REDS',0),(913,91,'White',2),(914,91,'Gram',0),(915,91,'Culture',0),(916,92,'Sex',2),(917,92,'Wbc',16.79998),(918,92,'Pmn',75),(919,92,'bloodgl',95),(920,92,'GL',20),(921,92,'PR',72),(922,92,'REDS',520),(923,92,'White',590),(924,92,'Gram',4),(925,92,'Culture',1),(926,93,'Sex',2),(927,93,'Wbc',18.59999),(928,93,'Pmn',56),(929,93,'bloodgl',140),(930,93,'GL',11),(931,93,'PR',55),(932,93,'REDS',10),(933,93,'White',215),(934,93,'Gram',4),(935,93,'Culture',1),(936,94,'Sex',2),(937,94,'Wbc',5.39999),(938,94,'Pmn',34),(939,94,'bloodgl',35),(940,94,'GL',30),(941,94,'PR',99),(942,94,'REDS',8),(943,94,'White',33),(944,94,'Gram',1),(945,94,'Culture',6),(946,95,'Sex',2),(947,95,'Wbc',16.09999),(948,95,'Pmn',86),(949,95,'bloodgl',370),(950,95,'GL',220),(951,95,'PR',161),(952,95,'REDS',400),(953,95,'White',300),(954,95,'Gram',1),(955,95,'Culture',6),(956,96,'Sex',1),(957,96,'Wbc',24.5),(958,96,'Pmn',64),(959,96,'bloodgl',125),(960,96,'GL',6),(961,96,'PR',160),(962,96,'REDS',260),(963,96,'White',1000),(964,96,'Gram',1),(965,96,'Culture',2),(966,97,'Sex',2),(967,97,'Wbc',12.29999),(968,97,'Pmn',29),(969,97,'bloodgl',117),(970,97,'GL',60),(971,97,'PR',17),(972,97,'REDS',0),(973,97,'White',323),(974,97,'Gram',0),(975,97,'Culture',0),(976,98,'Sex',1),(977,98,'Wbc',24.19999),(978,98,'Pmn',93),(979,98,'bloodgl',180),(980,98,'GL',17),(981,98,'PR',395),(982,98,'REDS',0),(983,98,'White',5000),(984,98,'Gram',0),(985,98,'Culture',0),(986,99,'Sex',1),(987,99,'Wbc',20.69999),(988,99,'Pmn',55),(989,99,'bloodgl',114),(990,99,'GL',78),(991,99,'PR',106),(992,99,'REDS',70),(993,99,'White',138),(994,99,'Gram',0),(995,99,'Culture',0),(996,100,'Sex',2),(997,100,'Wbc',12.5),(998,100,'Pmn',93),(999,100,'bloodgl',105),(1000,100,'GL',30),(1001,100,'PR',800),(1002,100,'REDS',67),(1003,100,'White',423),(1004,100,'Gram',1),(1005,100,'Culture',2),(1006,101,'Sex',2),(1007,101,'Wbc',36.69999),(1008,101,'Pmn',57),(1009,101,'bloodgl',97),(1010,101,'GL',0),(1011,101,'PR',300),(1012,101,'REDS',3200),(1013,101,'White',310),(1014,101,'Gram',0),(1015,101,'Culture',0);

#
# Structure for table "weight"
#

DROP TABLE IF EXISTS `weight`;
CREATE TABLE `weight` (
  `id` int NOT NULL AUTO_INCREMENT,
  `name_of_attribute` varchar(30) NOT NULL DEFAULT '',
  `value` double NOT NULL DEFAULT '0',
  PRIMARY KEY (`id`)
) ENGINE=InnoDB AUTO_INCREMENT=11 DEFAULT CHARSET=latin1;

#
# Data for table "weight"
#

INSERT INTO `weight` VALUES (1,'Sex',1),(2,'Wbc',1),(3,'Pmn',2),(4,'bloodgl',1),(5,'GL',1),(6,'PR',1),(7,'REDS',3),(8,'White',1),(9,'Gram',2),(10,'Culture',1);
